[
    {
        "name" :"blackdress",
        "image" : "blackdress",
        "type" : "fashion"
    },
    {
        "name" :"handbag",
        "image" : "handbag",
        "type" : "fashion"
    },
    {
        "name" :"kurti",
        "image" : "kurti",
        "type" : "fashion"
    },
    {
        
        "name" :"vivo s1",
        "image" : "vivo",
        "type" : "mobile"
    },
    {
        "name" :"samsung tv",
        "image" : "samsung",
        "type" : "tv"
    },
    {
        "name" :"eyeshadow",
        "image" : "eyeshadow",
        "type" : "beauty"
    },
    {
        "name" :"airplane",
        "image" : "airplane",
        "type" : "travel"
    },
    {
        
        "name" :"sofa",
        "image" : "sofa",
        "type" : "furniture"
    },
    {
        
        "name" :"washingmachine",
        "image" : "washingmachine",
        "type" : "homeapp"
    },
    {
        
        "name" :"laptop",
        "image" : "laptop",
        "type" : "electric"
    }
]